Test Name,Test ID,Parameter Name,Unit,Ref Range Low,Ref Range High,Critical Low,Critical High
ACE (ANGIOTENSIN CONVERTING ENZYME),T022,ACE,U/L,9.0,67.0,,
ADENOSINE DEAMINASE (ADA) SERUM,T088,ADA,U/L,0.0,24.0,,
ALDOSTERONE,T023,Aldosterone (Upright),ng/dl,7.0,30.0,,
ALDOSTERONE,T023,Aldosterone (Supine),ng/dl,3.0,16.0,,
ALDOSTERONE & PLASMA RENIN RATIO,T024,Aldosterone (Plasma),ng/dL,3.0,30.0,,
ALDOSTERONE & PLASMA RENIN RATIO,T024,Plasma Renin Activity (PRA),ng/dL,0.2,2.8,,
ALDOSTERONE & PLASMA RENIN RATIO,T024,Aldosterone-to-Renin Ratio (ARR),,,30.0,,
ALKALINE PHOSPHATASE (ALP),T026,ALP,U/L,40.0,129.0,,
AMMONIA,T027,AMMONIA,g/dl,15.0,70.0,,
ANA IGG TEST REPORT,T029,ANA IGG,AU/mL,,20.0,,
ANTI CARDIOLIPIN ANTIBODY - IGM,T030,ANTI CARDIOLIPIN ANTIBODY - IGM,MPL/ml,,12.0,,
ANTI CARDIOLIPIN ANTIBODY IGM,T031,Anti Cardiolipin Antibody IgM,MPL/ml,,12.0,,
ANTI HEV IGM (ELISA),T033,ANTI HEV IgM,S/Co,,1.0,,
ANTI MULLERIAN HORMONE (AMH),T034,ANTI MULLERIAN HORMONE (AMH),ng/ml,0.32,6.8,,
ANTI PHOSPHOLIPID ANTIBODIES (IGG & IGM),T035,Immunoglobulin G (IgG),U/ml,,12.0,,
ANTI PHOSPHOLIPID ANTIBODIES (IGG & IGM),T035,Immunoglobulin M (IgM),U/ml,,12.0,,
"ANTI STREPTOLYSIN O (ASO), QUANTITATIVE",T036,ASO,IU/ML,,200.0,,
ANTI-LKM ANTIBODY TEST REPORT,T037,Anti-LKM Antibody,AU/mL,,20.0,,
ANTI-NUCLEAR ANTIBODY (ANA) IFA,T038,Anti-Nuclear Antibody (ANA),unit,,20.0,,
ANTI-NUCLEAR ANTIBODY (ANA) IFA,T038,ANA Pattern,,,,,
ANTI-NUCLEAR ANTIBODY (ANA) IFA,T038,Primary Dilution,,,,,
ANTI-NUCLEAR ANTIBODY (ANA) IFA,T038,Primary Intensity,,,,,
ANTI-NUCLEAR ANTIBODY (ANA) IFA,T038,End-Point Titer,,,,,
ANTI-SMOOTH MUSCLE ANTIBODY (SMA) TEST REPORT,T039,SMA,AU/mL,,20.0,,
APTT,T040,Test,sec,28.0,35.0,,
APTT,T040,Control,sec,,,,
ARTERIAL BLOOD GAS (ABG) REPORT,T041,pH,unit,7.35,7.45,,
ARTERIAL BLOOD GAS (ABG) REPORT,T041,PaCO2,mmHg,35.0,45.0,,
ARTERIAL BLOOD GAS (ABG) REPORT,T041,PO2,mmHg,80.0,100.0,,
ARTERIAL BLOOD GAS (ABG) REPORT,T041,HCO3 ACT,mmol/L,,,,
ARTERIAL BLOOD GAS (ABG) REPORT,T041,BE(B),mmol/L,,,,
ARTERIAL BLOOD GAS (ABG) REPORT,T041,O2 SAT,%,,,,
ARTERIAL BLOOD GAS (ABG) REPORT,T041,CT CO2,mmol/L,,,,
ARTERIAL BLOOD GASES (ABG),T042,pH,-,7.35,7.45,,
ARTERIAL BLOOD GASES (ABG),T042,PCO2,mmHg,35.0,45.0,,
ARTERIAL BLOOD GASES (ABG),T042,PO2,mmHg,80.0,100.0,,
ARTERIAL BLOOD GASES (ABG),T042,HCO3,mmHg,,,,
ARTERIAL BLOOD GASES (ABG),T042,BE(B),mmHg,,,,
ARTERIAL BLOOD GASES (ABG),T042,O2 SAT,%,,,,
ARTERIAL BLOOD GASES (ABG),T042,Ct CO2,mmHg,,,,
ASCITIC FLUID ANALYSIS,T043,Volume,mL,,,,
ASCITIC FLUID ANALYSIS,T043,Protein,g/dL,0.0,2.5,,
ASCITIC FLUID ANALYSIS,T043,Sugar,mg/dL,,,,
ASCITIC FLUID ANALYSIS,T043,Total Cell Count,/μL,0.0,500.0,,
ASCITIC FLUID ANALYSIS,T043,Neutrophil,%,,,,
ASCITIC FLUID ANALYSIS,T043,Lymphocyte,%,,,,
ASCITIC FLUID ANALYSIS,T043,Eosinophil,%,,,,
ASCITIC FLUID ANALYSIS,T043,Macrophages + Mesothelial,%,,,,
ASCITIC FLUID ANALYSIS,T043,Colour,,,,,
ASCITIC FLUID ANALYSIS,T043,Appearance,,,,,
ASCITIC FLUID ANALYSIS,T043,Clot,,,,,
ASCITIC FLUID ANALYSIS,T043,Abnormal Cells,,,,,
ASCITIC FLUID ANALYSIS,T043,RBC,,,,,
BETA HCG,T044,BETA HCG,mIU/mL,,5.0,,
BICARBONATE SERUM TEST,T045,Bicarbonate,mmol/L,23.0,33.0,,
BLEEDING TIME (BT) & CLOTTING TIME (CT),T049,Bleeding Time,min,1.0,4.0,,
BLEEDING TIME (BT) & CLOTTING TIME (CT),T049,Clotting Time,min,5.0,9.0,,
BLOOD CULTURE AND SENSITIVITY,T050,Sample,,,,,
BLOOD CULTURE AND SENSITIVITY,T050,Gram Staining,,,,,
BLOOD CULTURE AND SENSITIVITY,T050,Organisms Isolated,,,,,
BLOOD CULTURE AND SENSITIVITY,T050,Colony Count,,,,,
BLOOD CULTURE AND SENSITIVITY,T050,Report,,,,,
BLOOD CULTURE AND SENSITIVITY,T050,Amikacin,,,,,
BLOOD CULTURE AND SENSITIVITY,T050,Augmentin,,,,,
BLOOD CULTURE AND SENSITIVITY,T050,Ampicillin,,,,,
BLOOD CULTURE AND SENSITIVITY,T050,Cefoperazone,,,,,
BLOOD CULTURE AND SENSITIVITY,T050,Cefotaxime,,,,,
BLOOD CULTURE AND SENSITIVITY,T050,Cefuroxime,,,,,
BLOOD CULTURE AND SENSITIVITY,T050,Ceftazidime,,,,,
BLOOD CULTURE AND SENSITIVITY,T050,Ceftizoxime,,,,,
BLOOD CULTURE AND SENSITIVITY,T050,Ceftriaxone,,,,,
BLOOD CULTURE AND SENSITIVITY,T050,Co-trimoxazole,,,,,
BLOOD CULTURE AND SENSITIVITY,T050,Gentamycin,,,,,
BLOOD CULTURE AND SENSITIVITY,T050,Netilmycin,,,,,
BLOOD CULTURE AND SENSITIVITY,T050,Cefazolin,,,,,
BLOOD CULTURE AND SENSITIVITY,T050,Cefdinir,,,,,
BLOOD CULTURE AND SENSITIVITY,T050,Ciprofloxacin,,,,,
BLOOD CULTURE AND SENSITIVITY,T050,Azithromycin,,,,,
BLOOD CULTURE AND SENSITIVITY,T050,Linezolid,,,,,
BLOOD CULTURE AND SENSITIVITY,T050,Oxacillin,,,,,
BLOOD CULTURE AND SENSITIVITY,T050,Tetracycline,,,,,
BLOOD CULTURE AND SENSITIVITY,T050,Vancomycin,,,,,
BLOOD CULTURE AND SENSITIVITY,T050,Teicoplanin,,,,,
BLOOD CULTURE AND SENSITIVITY,T050,Doxycycline,,,,,
BLOOD CULTURE AND SENSITIVITY,T050,Moxifloxacin,,,,,
BLOOD CULTURE AND SENSITIVITY,T050,Cefpodoxime,,,,,
BLOOD CULTURE AND SENSITIVITY,T050,Chloramphenicol,,,,,
BLOOD CULTURE AND SENSITIVITY,T050,Colistin,,,,,
BLOOD CULTURE AND SENSITIVITY,T050,Imipenem,,,,,
BLOOD CULTURE AND SENSITIVITY,T050,Levofloxacin,,,,,
BLOOD CULTURE AND SENSITIVITY,T050,Ofloxacin,,,,,
BLOOD CULTURE AND SENSITIVITY,T050,Piperacillin,,,,,
BLOOD CULTURE AND SENSITIVITY,T050,Tobramycin,,,,,
BLOOD CULTURE AND SENSITIVITY,T050,Meropenem,,,,,
BLOOD CULTURE AND SENSITIVITY,T050,Carbenicillin,,,,,
BLOOD CULTURE AND SENSITIVITY,T050,1st Interim Report,,,,,
BLOOD CULTURE AND SENSITIVITY,T050,2nd Interim Report,,,,,
BLOOD GLUCOSE - (AFTER 75 GMS OF GLUCOSE),T051,Blood Glucose (After 75g Glucose),mg/dl,70.0,140.0,,
BLOOD GLUCOSE - PG (1 HR AFTER 75 GMS OF GLUCOSE),T052,Blood Glucose PG (1hr After 75g Glucose),mg/dl,70.0,155.0,,
BLOOD GLUCOSE - PG (3 HR AFTER 75 GMS OF GLUCOSE),T053,Blood Glucose PG (3hr After 75g Glucose),mg/dl,70.0,155.0,,
BLOOD GLUCOSE - PG (2 HRS AFTER 100 GMS OF GLUCOSE),T054,Blood Glucose PG (2hrs After 100g Glucose),mg/dl,70.0,155.0,,
BLOOD GLUCOSE - PG (2 HRS AFTER 75 GMS OF GLUCOSE),T055,Blood Glucose PG (2hrs After 75g Glucose),mg/dl,70.0,140.0,,
BLOOD GLUCOSE - PRE DINNER,T056,Blood Glucose Pre Dinner,mg/dl,,120.0,,
BLOOD GLUCOSE FASTING,T057,Blood Glucose (Fasting),mg/dl,60.0,110.0,,
BLOOD GLUCOSE FASTING,T057,Urine Sugar (Optional),,,,,
BLOOD GLUCOSE FASTING,T057,Urine Ketones (Optional),,,,,
BLOOD GLUCOSE LEVEL (PG AFTER 1 HR),T058,Blood Glucose (PG After 1hr),mg/dl,70.0,180.0,,
BLOOD GLUCOSE LEVEL (PG AFTER 1 HR),T058,Urine Sugar,,,,,
BLOOD GLUCOSE LEVEL (PG AFTER 1 HR),T058,Urine Ketones,,,,,
BLOOD GLUCOSE LEVEL (PG AFTER 2 HR),T059,Blood Glucose (PG After 2hr),mg/dL,70.0,140.0,,
BLOOD GLUCOSE LEVEL (PG AFTER 2 HR),T059,Urine Sugar,,,,,
BLOOD GLUCOSE LEVEL (PG AFTER 2 HR),T059,Urine Ketones,,,,,
BLOOD GLUCOSE LEVEL (PG AFTER 3 HR),T060,Blood Glucose (PG After 3hr),mg/dl,70.0,140.0,,
BLOOD GLUCOSE LEVEL (PG AFTER 3 HR),T060,Urine Sugar,,,,,
BLOOD GLUCOSE LEVEL (PG AFTER 3 HR),T060,Urine Ketones,,,,,
BLOOD GLUCOSE LEVEL - PP (POST PRANDIAL),T061,Result,mg/dl,,145.0,,
BLOOD GLUCOSE LEVEL - PP (POST PRANDIAL),T061,Urine Sugar,,,,,
BLOOD GLUCOSE LEVEL - PP (POST PRANDIAL),T061,Urine Ketones,,,,,
BLOOD UREA LEVEL (BUL),T066,Blood Urea Level,mg/dl,12.6,42.6,,
BRUCELLA ANTIBODY IGM,T068,Immunoglobulin M (IgM),,,1.0,,
C-PEPTIDE TEST,,C-Peptide,ng/mL,0.81,3.85,,
CA-125 (OVARIAN CANCER MARKER),T069,CA-125,U/mL,0.0,35.0,,
CA 19.9,T070,CA 19.9,U/mL,,37.0,,
ECG,,ECG,Unit,,,,
"EGFR (GLOMERULAR FILTRATION RATE, ESTIMATED)",T105,"Creatinine, Serum",mg/dL,0.67,1.17,,
"EGFR (GLOMERULAR FILTRATION RATE, ESTIMATED)",T105,"GFR, Estimated",mL/min/1.73m2,90.0,120.0,,
EPSTEIN BARR VIRUS (VCA) - IGM ANTIBODIES,T107,EBV (VCA) IGM,U/mL,,20.0,,
ESTRADIOL (E2),T109,Estradiol (E2),pg/ml,0.0,52.0,,
ET CULTURE,T110,Gram Stain,,,,,
ET CULTURE,T110,Pus Cell,,,,,
ET CULTURE,T110,Epithelial Cells,,,,,
ET CULTURE,T110,Growth Observed,,,,,
ET CULTURE,T110,Organism Isolated,,,,,
ET CULTURE,T110,Colony Count,,,,,
ET CULTURE,T110,Amikacin,,,,,
ET CULTURE,T110,Ceftriaxone,,,,,
ET CULTURE,T110,Ciprofloxacin,,,,,
ET CULTURE,T110,Gentamicin,,,,,
ET CULTURE,T110,Meropenem,,,,,
ET CULTURE,T110,Piperacillin-Tazobactam,,,,,
ET CULTURE,T110,Cefazolin,,,,,
ET CULTURE,T110,Cefotaxime,,,,,
ET CULTURE,T110,Ceftazidime,,,,,
ET CULTURE,T110,Cefepime,,,,,
ET CULTURE,T110,Imipenem,,,,,
ET CULTURE,T110,Ertapenem,,,,,
FACTOR 8 TEST,T111,Factor VIII Activity (FVIII:C),%,50.0,150.0,,
FACTOR 9 TEST,T112,Factor IX Activity,%,70.0,120.0,,
FERRITIN TEST,T113,Ferritin,ng/ml,22.0,322.0,,
FERTILITY PROFILE III,T114,FSH,mIU/mL,1.9,12.5,,
FERTILITY PROFILE III,T114,LH,mIU/mL,1.9,12.5,,
FERTILITY PROFILE III,T114,Prolactin,ng/mL,2.8,29.2,,
FERTILITY PROFILE III,T114,Estradiol (E2),pg/mL,25.0,75.0,,
FERTILITY PROFILE III,T114,TSH,μIU/ml,0.35,5.5,,
FERTILITY PROFILE III,T114,AMH,ng/ml,0.32,6.8,,
FIBRINOGEN LEVEL,T115,Fibrinogen Level,mg/dL,200.0,400.0,,
FILARIA ANTIBODY DETECTION,T116,Filaria Antibody Detection,,,,,
FINE NEEDLE ASPIRATION CYTOLOGY (FNAC),T117,Specimen,,,,,
FINE NEEDLE ASPIRATION CYTOLOGY (FNAC),T117,Microscopy,,,,,
FINE NEEDLE ASPIRATION CYTOLOGY (FNAC),T117,Impression,,,,,
FINE NEEDLE ASPIRATION CYTOLOGY (FNAC) 2,T118,Specimen Type,,,,,
FINE NEEDLE ASPIRATION CYTOLOGY (FNAC) 2,T118,Descriptive Interpretation,,,,,
FINE NEEDLE ASPIRATION CYTOLOGY (FNAC) 2,T118,Impression,,,,,
FLUID CYTOLOGY,T119,Gross,Unit,,,,
FLUID CYTOLOGY,T119,Microscopy,,,,,
FLUID CYTOLOGY,T119,Impression,,,,,
FLUID FOR ADA,T120,ADA Level,U/L,,40.0,,
FLUID FOR ADA,T120,Total Protein,g/dL,,2.5,,
FLUID FOR ADA,T120,Cell Count,cells/mm³,0.0,100.0,,
FLUID FOR ADA,T120,Lactate Dehydrogenase (LDH),IU/L,,200.0,,
FLUID FOR ADA,T120,Appearance,,,,,
FLUID FOR ADA,T120,Fluid Type,,,,,
FOLIC ACID,T121,Folic Acid,ng/mL,3.0,17.0,,
FOLLICLE STIMULATING HORMONE (FSH),T122,FSH,mIU/ml,2.5,10.2,,
FREE PSA,T123,Free PSA,ng/mL,0.0,5.0,,
FREE T3 (TRI-IODOTHYRONINE - FREE),T124,Free T3,ng/dl,2.5,3.9,,
FREE T3 (FT3),T125,FT3,pg/mL,2.3,4.2,,
FREE T4 (FT4),T126,FT4,ng/L,8.9,17.6,,
FREE T4 (THYROXINE - FREE),T127,Free T4,ng/dl,0.61,1.12,,
FREE THYROID PANEL,T128,TSH,μIU/ml,0.34,5.6,,
FREE THYROID PROFILE,T129,Free T3,ng/dl,2.5,3.9,,
FREE THYROID PROFILE,T129,Free T4,ng/dl,0.61,1.12,,
FREE THYROID PROFILE,T129,TSH,μIU/ml,0.34,5.6,,
FSH / LH / PRL,T130,Follicle Stimulating Hormone (FSH),mIU/ml,2.5,10.2,,
FSH / LH / PRL,T130,Luteinising Hormone (LH),mIU/ml,1.9,12.5,,
FSH / LH / PRL,T130,Prolactin (PRL),ng/mL,3.34,26.71,,
FUNGUS ROUTINE EXAMINATION,T131,Result/Grade,Grade,,,,
FUNGUS ROUTINE EXAMINATION,T131,Yeast Cells,Grade,,,,
FUNGUS ROUTINE EXAMINATION,T131,Pseudohyphae,Grade,,,,
FUNGUS ROUTINE EXAMINATION,T131,Fungal Spores,Grade,,,,
FUNGUS ROUTINE EXAMINATION,T131,Fungal Hyphae,Grade,,,,
FUNGUS ROUTINE EXAMINATION,T131,Others,Grade,,,,
GBP TEST,T133,Fasting Blood Glucose,mg/dL,70.0,100.0,,
GBP TEST,T133,Postprandial Blood Glucose,mg/dL,70.0,140.0,,
GBP TEST,T133,Random Blood Glucose,mg/dL,70.0,140.0,,
GBP TEST,T133,HbA1c (Glycated Hemoglobin),%,4.0,5.6,,
GBP TEST REPORT,T134,RBC Morphology,,,,,
GBP TEST REPORT,T134,WBC Count,,,,,
GBP TEST REPORT,T134,Platelet Count,,,,,
GBP TEST REPORT,T134,Abnormal Cells,,,,,
GBP TEST REPORT,T134,Hemoparasites,,,,,
GENERAL BLOOD PICTURE,T135,WBC Total Count,g/dL,4.0,11.0,,
GENERAL BLOOD PICTURE,T135,WBC Abnormal Findings,,,,,
GENERAL BLOOD PICTURE,T135,RBC Count,10^6/uL,3.8,4.8,,
GENERAL BLOOD PICTURE,T135,RBC Shape,,,,,
GENERAL BLOOD PICTURE,T135,RBC Size,,,,,
GENERAL BLOOD PICTURE,T135,RBC Color,,,,,
GENERAL BLOOD PICTURE,T135,RBC Inclusions,,,,,
GENERAL BLOOD PICTURE,T135,RBC Abnormal Findings,,,,,
GENERAL BLOOD PICTURE,T135,Platelet Count,10^3/uL,150.0,450.0,,
GENERAL BLOOD PICTURE,T135,Platelet Morphology,,,,,
GFRE (GLOMERULAR FILTRATION RATE - ESTIMATED),T136,"Creatinine, Serum",mg/dL,0.67,1.17,,
GFRE (GLOMERULAR FILTRATION RATE - ESTIMATED),T136,"GFR, Estimated",mL/min/1.73m2,90.0,,,
GLUCOSE 6 PHOSPHATE DEHYDROGENASE (G6PD QUANTITATIVE),T137,G6PD Activity,U/g Hb,5.0,12.0,,
GLUCOSE 6 PHOSPHATE DEHYDROGENASE (G6PD QUANTITATIVE),T137,Hemoglobin Level,g/dL,13.0,17.0,,
GLUCOSE 6 PHOSPHATE DEHYDROGENASE (G6PD QUANTITATIVE),T137,Reticulocyte Count,%,0.5,2.0,,
GLUCOSE 6 PHOSPHATE DEHYDROGENASE (G6PD QUANTITATIVE),T137,Sample Processing Time,minutes,,60.0,,
GLUCOSE CHALLENGE TEST (GCT),T138,Glucose Challenge Test (GCT),mg/dL,70.0,140.0,,
GLUCOSE TOLERANCE TEST (GTT),T139,Glucose Fasting,mg/dL,70.0,100.0,,
GLUCOSE TOLERANCE TEST (GTT),T139,Glucose 1 hr,mg/dL,70.0,140.0,,
GLUCOSE TOLERANCE TEST (GTT),T139,Glucose 2 hr,mg/dL,70.0,140.0,,
GLUCOSE TOLERANCE TEST ORAL (OGTT),T140,Glucose Fasting,mg/dL,70.0,100.0,,
GLUCOSE TOLERANCE TEST ORAL (OGTT),T140,Glucose Post Load,mg/dL,70.0,140.0,,
HEPATITIS B VIRUS DNA DETECTOR QUALITATIVE,T158,HBV DNA,,,,,
HEPATITIS B VIRUS ENVELOPE ANTIBODY (HBeAb),T159,HBeAb-IgM,,,1.0,,
HEPATITIS B VIRUS ENVELOPE ANTIGEN (HBeAg),T160,HBeAg,,,1.0,,
HEPATITIS C VIRUS (HCV) ELISA,T162,HCV ELISA,,,0.9,,
HEPATITIS E VIRUS - IGM (HEV IGM),T163,Hepatitis E Virus (HEV IgM),S/CO,,1.0,,
HERPES SIMPLEX VIRUS 1 & 2 IGM,T002,HSV 1 & 2 IgG,Index,,0.8,,
HERPES SIMPLEX VIRUS 1 & 2 IGM,T002,HSV 1 & 2 IgM,Index,,0.8,,
HIV (I) PCR REPORT - QUANTITATIVE,T003,HIV-1 RNA (Quantitative NASBA PCR),Copies/ml,,,,
HIV 1-DNA PCR - QUALITATIVE,T004,HIV-1 DNA,,,,,
HLA - B 27 FLOWCYTOMETRY,T168,HLA-B27,,,,,
HLA - B 27 PCR,T169,HLA-B27 (Real Time PCR),,,,,
HMPV RTPCR TEST,T170,Cycle Threshold (Ct) Value,CT,25.0,35.0,,
HMPV RTPCR TEST,T170,Detection Limit,copies/mL,10.0,100.0,,
HMPV RTPCR TEST,T170,HMPV RTPCR Result,,,,,
HOMOCYSTEINE TEST,T172,Homocysteine,umol/L,5.46,16.2,,
HPLC TEST,T173,Hemoglobin,g/dL,12.0,16.0,,
HPLC TEST,T173,Hematocrit,%,36.0,46.0,,
HPLC TEST,T173,RBC Count,10^6/uL,3.8,4.8,,
HPLC TEST,T173,MCV,fL,83.0,101.0,,
HPLC TEST,T173,MCH,pg,26.0,34.0,,
HPLC TEST,T173,MCHC,g/dL,31.5,34.5,,
HPLC TEST,T173,RDW-CV,%,11.6,14.5,,
HPLC TEST,T173,Hemoglobin-F,%,,,,
HPLC TEST,T173,Hemoglobin A0,%,,,,
HPLC TEST,T173,Hemoglobin A2,%,,,,
HPLC TEST,T173,Hemoglobin S,,,,,
HPLC TEST,T173,Other,%,,,,
HPLC TEST,T173,Impression,,,,,
HYDROXY VITAMIN D - SERUM,T174,Vitamin D (25-OH),ng/mL,30.0,100.0,,
IMMUNOGLOBULIN IGM,T175,Immunoglobulin IgM,mg/dL,40.0,230.0,,
INDIRECT COOMBS TEST (ICT),T176,Indirect Coombs Test (ICT),,,,,
IRON,T177,Iron (Adults),mg/dl,60.0,180.0,,
IRON (FE),T178,Iron - Male,ug/dl,65.0,175.0,,
IRON (FE),T178,Iron - Female,ug/dl,59.0,158.0,,
IRON PROFILE TEST,T179,Iron,μg/dL,65.0,175.0,,
IRON PROFILE TEST,T179,UIBC,μg/dL,110.0,370.0,,
IRON PROFILE TEST,T179,TIBC,μg/dL,228.0,428.0,,
IRON PROFILE TEST,T179,% Saturation,%,20.0,50.0,,
IRON PROFILE TEST,T179,Transferrin,mg/dL,176.0,280.0,,
KARYOTYPING (PERIPHERAL BLOOD),T180,Result,,,,,
KIDNEY FUNCTION TEST (KFT),T181,Blood Urea,mg/dL,12.6,42.6,,
KIDNEY FUNCTION TEST (KFT),T181,Serum Creatinine,mg/dL,0.7,1.5,,
KIDNEY FUNCTION TEST (KFT),T181,Serum Uric Acid,mg/dL,2.5,7.0,,
KIDNEY FUNCTION TEST (KFT),T181,BUN,mg/dl,6.0,21.0,,
KIDNEY FUNCTION TEST (KFT),T181,Total Proteins,gm/dL,6.0,8.0,,
KIDNEY FUNCTION TEST (KFT),T181,Albumin,gm/dL,3.5,5.5,,
KIDNEY FUNCTION TEST (KFT),T181,Globulin,gm/dL,2.3,3.5,,
KIDNEY FUNCTION TEST (KFT),T181,Alb/Glb Ratio,,,,,
KIDNEY FUNCTION TEST (KFT),T181,Serum Sodium (Na),meq/litre,133.0,147.0,,
KIDNEY FUNCTION TEST (KFT),T181,Serum Potassium (K),meq/litre,3.5,5.4,,
KIDNEY FUNCTION TEST (KFT),T181,Calcium (Ca),mg/dl,8.5,11.0,,
LACTATE DEHYDROGENASE (LDH),T183,LDH,IU/L,114.0,240.0,,
LDL CHOLESTEROL,T184,LDL Cholesterol,mg/dl,,100.0,,
LEPTOSPIRA ANTIBODY IGM & IGG,T185,Leptospira Antibody IgM,,,,,
LEPTOSPIRA ANTIBODY IGM & IGG,T185,Leptospira Antibody IgG,,,,,
LEPTOSPIRA IGM,T186,Leptospira Antibody IgM,,,,,
LIPASE,T187,Lipase,U/L,13.0,60.0,,
LITHIUM TEST,T189,Lithium,mmol/L,0.6,1.2,,
LUTEINISING HORMONE (LH),T191,LH (Follicular),mIU/ml,1.9,12.5,,
M.P (ANTIGEN) TEST,T200,Plasmodium Vivax,,,,,
M.P (ANTIGEN) TEST,T200,Plasmodium Falciparum,,,,,
MAGNESIUM,T192,Magnesium,mg/dL,1.6,2.6,,
MALARIA ELISA TEST,T193,Plasmodium Falciparum,,,,,
MALARIA ELISA TEST,T193,Plasmodium Vivax,,,,,
MALARIA ELISA TEST,T193,Plasmodium Malaria,,,,,
MALARIA ELISA TEST,T193,Plasmodium Ovale,,,,,
MALARIA PARACHECK ANTIGEN TEST,T194,Malaria Paracheck Antigen Test,,,,,
MALIGNANT CELL,T196,Specimen No,,,,,
MALIGNANT CELL,T196,Specimen,,,,,
MALIGNANT CELL,T196,Microscopy,,,,,
MALIGNANT CELL,T196,Impression,,,,,
METHAMPHETAMINE SCREEN,T198,Methamphetamine,g/ml,1000.0,5000.0,,
METHAMPHETAMINE SCREEN,T198,Result,,,,,
MICROALBUMIN/CREATININE RATIO - URINE,T199,Volume,ml,,,,
MICROALBUMIN/CREATININE RATIO - URINE,T199,Urine Microalbumin,mcg/dl,,,,
MICROALBUMIN/CREATININE RATIO - URINE,T199,Urine Creatinine,mg/dl,,,,
MICROALBUMIN/CREATININE RATIO - URINE,T199,Microalbumin/Creatinine Ratio,Mcg/mg Creatinine,0.0,500.0,,
NICOTINE URINE TEST,T201,Nicotine (Cotinine),ng/mL,,500.0,,
KIDNEY FUNCTION TEST WITH ELECTROLYTES,T182,Creatinine,mg/dL,0.6,1.2,,
KIDNEY FUNCTION TEST WITH ELECTROLYTES,T182,Blood Urea Nitrogen (BUN),mg/dL,7.0,20.0,,
KIDNEY FUNCTION TEST WITH ELECTROLYTES,T182,Sodium (Na),mEq/L,135.0,145.0,,
KIDNEY FUNCTION TEST WITH ELECTROLYTES,T182,Potassium (K),mEq/L,3.5,5.0,,
KIDNEY FUNCTION TEST WITH ELECTROLYTES,T182,Chloride (Cl),mEq/L,98.0,106.0,,
KIDNEY FUNCTION TEST WITH ELECTROLYTES,T182,Bicarbonate (HCO3),mEq/L,22.0,29.0,,
KIDNEY FUNCTION TEST WITH ELECTROLYTES,T182,GFR (Estimated),mL/min/1.73m2,90.0,,,
RETICULOCYTE COUNT,T227,Reticulocyte Count,%,0.2,2.0,,
ROTA VIRUS ANTIGEN DETECTION (STOOL),T229,Rota Virus Antigen,,,,,
RUBELLA VIRUS ANTIBODY - IGM,T005,Rubella Virus Antibody IgM,Index,,1.2,,
SCRUB TYPHUS,T231,Result,,,,,
SCRUB TYPHUS,T231,Leptospira Antibody IgM,,,,,
SCRUB TYPHUS,T231,Leptospira Antibody IgG,,,,,
SCRUB TYPHUS IGG ANTIBODY,T232,Optical Density (OD),OD,,0.5,,
SCRUB TYPHUS IGG ANTIBODY,T232,Result,,,,,
SCRUB TYPHUS IGM ANTIBODY,T233,Result,OD,,0.46,,
SERUM IGE (IMMUNOGLOBULIN E),T235,Serum IgE Level,U/mL,0.0,100.0,,
SPOT URINE MICROALBUMIN TEST REPORT,T239,Urine Microalbumin,mg/L,,30.0,,
SPOT URINE MICROALBUMIN TEST REPORT,T239,Urine Creatinine,mg/dL,11.0,26.0,,
SPOT URINE MICROALBUMIN TEST REPORT,T239,ACR,mg/g,,30.0,,
SPUTUM AFB TEST,T240,AFB Smear,,,,,
SPUTUM AFB TEST,T240,AFB Grade,,,,,
SPUTUM AFB TEST,T240,Culture Growth,,,,,
SPUTUM AFB TEST,T240,Identification,,,,,
SPUTUM AFB TEST,T240,Time to Growth Detection,,,,,
SPUTUM AFB TEST,T240,Mtb Detected,,,,,
SPUTUM AFB TEST,T240,Rifampicin Resistance,,,,,
SPUTUM CULTURE TEST,,Specimen,,,,,
SPUTUM CULTURE TEST,,Incubation Period,,,,,
SPUTUM CULTURE TEST,,Organism Isolated,,,,,
SPUTUM CULTURE TEST,,Colony Count,,,,,
SPUTUM CULTURE TEST,,Amikacin,,,,,
SPUTUM CULTURE TEST,,Ampicillin,,,,,
SPUTUM CULTURE TEST,,Aztreonam,,,,,
SPUTUM CULTURE TEST,,Cefazolin,,,,,
SPUTUM CULTURE TEST,,Cefepime,,,,,
SPUTUM CULTURE TEST,,Cefoxitin,,,,,
SPUTUM FOR ACID-FAST BACILLI (AFB) TEST,T241,Specimen,,,,,
SPUTUM FOR ACID-FAST BACILLI (AFB) TEST,T241,Result,,,,,
STONE ANALYSIS,T242,Appearance,,,,,
STONE ANALYSIS,T242,Color,,,,,
STONE ANALYSIS,T242,Shape,,,,,
STONE ANALYSIS,T242,Size,,,,,
STONE ANALYSIS,T242,Weight,,,,,
STONE ANALYSIS,T242,Texture,,,,,
STONE ANALYSIS,T242,Calcium Oxalate Monohydrate (COM),,,,,
STONE ANALYSIS,T242,Calcium Oxalate Dihydrate (COD),,,,,
STONE ANALYSIS,T242,Uric Acid,,,,,
STONE ANALYSIS,T242,Calcium Phosphate (Apatite),,,,,
STONE ANALYSIS,T242,Magnesium Ammonium Phosphate (Struvite),,,,,
STONE ANALYSIS,T242,Cystine,,,,,
STONE ANALYSIS,T242,Ammonium Urate,,,,,
STONE ANALYSIS,T242,Calcium Oxalate Crystals,,,,,
STONE ANALYSIS,T242,Uric Acid Crystals,,,,,
STONE ANALYSIS,T242,Struvite Crystals,,,,,
STONE ANALYSIS,T242,Cystine Crystals,,,,,
STONE ANALYSIS,T242,Ammonium Urate Crystals,,,,,
STONE ANALYSIS,T242,Xanthine Crystals,,,,,
STONE ANALYSIS,T242,Drug Crystals,,,,,
STONE ANALYSIS,T242,Calcium Phosphate Crystals,,,,,
STONE ANALYSIS,T242,Bilirubin Crystals,,,,,
STONE ANALYSIS,T242,Tyrosine Crystals,,,,,
STONE ANALYSIS,T242,Leucine Crystals,,,,,
STONE ANALYSIS,T242,Crystal Quantity,,,,,
STONE ANALYSIS,T242,Urine pH at Time of Observation,,,,,
STONE ANALYSIS,T242,Stone Calcium,,,,,
STONE ANALYSIS,T242,Stone Oxalates,,,,,
STONE ANALYSIS,T242,Stone Phosphates,,,,,
STONE ANALYSIS,T242,Stone Magnesium,,,,,
STONE ANALYSIS,T242,Stone Uric Acid,,,,,
STONE ANALYSIS,T242,Stone Cholesterol,,,,,
STONE ANALYSIS,T242,Stone Bilirubin,,,,,
STONE ANALYSIS,T242,Others,,,,,
STOOL EXAMINATION,T243,Epithelial Cells,unit,,,,
STOOL EXAMINATION,T243,Blood,unit,,,,
STOOL EXAMINATION,T243,Other Findings,unit,,,,
STOOL EXAMINATION,T243,pH Value,,6.0,8.0,,
STOOL EXAMINATION,T243,Colour,,,,,
STOOL EXAMINATION,T243,Consistency,,,,,
STOOL EXAMINATION,T243,Mucus,,,,,
STOOL EXAMINATION,T243,Occult Blood,,,,,
STOOL EXAMINATION,T243,Reducing Substance,,,,,
STOOL EXAMINATION,T243,RBC,/hpf,,,,
STOOL EXAMINATION,T243,Pus Cells,/hpf,,,,
STOOL EXAMINATION,T243,Macrophages,,,,,
STOOL EXAMINATION,T243,Ova,,,,,
STOOL EXAMINATION,T243,Cyst,,,,,
STOOL EXAMINATION,T243,Fat Globules,,,,,
STOOL EXAMINATION,T243,Yeast Cells,,,,,
STOOL FOR OCCULT BLOOD,T244,Stool for Occult Blood,,,,,
STOOL HANGING DROP,T006,Sample,unit,,,,
TB GOLD,T245,Interferon-Gamma Conc. (Negative Control),pg/mL,,400.0,,
TB GOLD,T245,Interferon-Gamma Conc. (TB Antigen Test),pg/mL,,,,
TB GOLD,T245,Gamma Interferon Difference (T-N),pg/mL,,14.0,,
TB GOLD,T245,Gamma Interferon Difference %,%,,25.0,,
TB GOLD,T245,Final Result,,,,,
TB GOLD PLUS (IGRA),,TB1 Antigen Tube Minus Nil Tube,IU/mL,,,,
TB GOLD PLUS (IGRA),,TB2 Antigen Tube Minus Nil Tube,IU/mL,,,,
TB GOLD PLUS (IGRA),,Mitogen Tube Minus Nil Tube,IU/mL,,,,
TB GOLD PLUS (IGRA),,Nil Tube,IU/mL,,,,
TB GOLD PLUS (IGRA),,Final Result,,,,,
TESTOSTERONE (TOTAL),T246,Testosterone (Total) - Male,ng/dl,175.0,781.0,,
TESTOSTERONE (TOTAL),T246,Testosterone (Total) - Female,ng/dl,,75.0,,
TESTOSTERONE - FREE,T247,Testosterone - Free,pg/ml,4.28,20.9,,
THYROID FUNCTION TEST (TFT),T248,Total T3 (Triiodothyronine),ng/mL,0.91,2.18,,
THYROID FUNCTION TEST (TFT),T248,Total T4 (Thyroxine),μg/dL,5.91,13.2,,
THYROID FUNCTION TEST (TFT),T248,TSH 3rd Generation,μIU/mL,0.51,4.3,,
THYROID PROFILE II,T249,Free T3 (FT3),pg/mL,2.3,4.2,,
THYROID PROFILE II,T249,Free T4 (FT4),ng/L,8.9,17.6,,
THYROID PROFILE II,T249,TSH,uIU/ml,0.35,5.5,,
TISSUE TRANSGLUTAMINASE - IGA (TTGA),T250,TTGA (IgA),U/ml,,20.0,,
TORCH-5 PARA (IGG),T251,Toxoplasma IgG,Index,,0.7,,
TORCH-5 PARA (IGG),T251,Rubella IgG,IU/mL,,8.0,,
TORCH-5 PARA (IGG),T251,CMV Antibody IgG,Index,,0.8,,
TORCH-5 PARA (IGG),T251,HSV 1 IgG,RU/mL,,16.0,,
TORCH-5 PARA (IGG),T251,HSV 2 IgG,RU/mL,,16.0,,
TORCH-5 PARA (IGM),T252,Toxoplasma IgM,IU/ml,,0.8,,
TORCH-5 PARA (IGM),T252,Rubella IgM,Ratio,,0.8,,
TORCH-5 PARA (IGM),T252,CMV Antibody IgM,Index,,0.8,,
TORCH-5 PARA (IGM),T252,HSV 1 IgM,Ratio,,0.8,,
TORCH-5 PARA (IGM),T252,HSV 2 IgM,Ratio,,0.8,,
TOTAL IGE TEST,T255,Total IgE,IU/ML,,60.0,,
TOTAL PROTEIN,T256,Total Protein,g/dL,6.0,8.5,,
TOXOPLASMA - IGM,T007,Toxoplasma IgM,,,0.9,,
TOXOPLASMA - IGM & IGG,T008,Toxoplasma IgM,,,0.7,,
TOXOPLASMA - IGM & IGG,T008,Toxoplasma IgG,,,0.8,,
TROPONIN I,T257,Troponin I,ng/mL,,0.3,,
TROPONIN T,T258,Troponin T Result,,,,,
URINE FOR HAEMOGLOBINURIA,T273,Urine for Haemoglobinuria,,,,,
URINE FOR PH,T014,Urine pH,,4.5,8.0,,
URINE GLUCOSE - FASTING,T015,Urine Glucose (Fasting),,,,,
URINE GLUCOSE - POST PRANDIAL (USPP),T274,Urine Glucose,%,0.0,1.0,,
URINE GLUCOSE - PRE DINNER,T016,Urine Glucose (Pre Dinner),,,,,
URINE MICRO ALBUMIN,T275,Result,mg/l,,30.0,,
URINE MICROALBUMIN,T276,Urine Volume in 24 Hours,ml,24.0,392.0,,
URINE MICROALBUMIN,T276,Microalbumin 24-Hours Urine,mg/24hrs,,30.0,,
URINE MICROALBUMIN,T276,Microalbumin,mg/dL,,2.0,,
URINE OSMOLALITY,T017,Urine Osmolality,mOsmol/kg,500.0,800.0,,
URINE PROTEIN & CREATININE RATIO,T277,Protein Total,mg/dL,,14.0,,
URINE PROTEIN & CREATININE RATIO,T277,Creatinine,mg/dL,24.0,392.0,,
URINE PROTEIN & CREATININE RATIO,T277,Protein Creatinine Ratio,ratio,0.0,0.2,,
URINE SPOT CREATININE,T280,Urine Spot Creatinine,mg/dL,30.0,400.0,,
VARICELLA ZOSTER IGG & IGM ANTIBODY,T018,Varicella Zoster IgG,,,0.8,,
VARICELLA ZOSTER IGG & IGM ANTIBODY,T018,Varicella Zoster IgM,,,0.8,,
VARICELLA ZOSTER IGM ANTIBODY,T281,Varicella Zoster IgM,,,0.8,,
VARICELLA ZOSTER IGM ANTIBODY,T281,Result,,,,,
VASCULITIS PANEL,,C-ANCA (PR3),CU,,20.0,,
VASCULITIS PANEL,,P-ANCA (MPO),CU,,20.0,,
VASCULITIS PANEL,,Glomerular Basement Membrane (GBM) Antibody,CU,,20.0,,
VDRL (RPR),T282,VDRL,,,,,
VITAMIN B - 12,T284,Vitamin B-12,pg/mL,180.0,914.0,,
VITAMIN B6,T285,Vitamin B6,mg/L,5.0,30.0,,
VITAMIN D (25-HYDROXYCHOLECALCIFEROL),T286,Vitamin D (25-OH),ng/ml,41.0,100.0,,
VITAMIN-D (25-OH),T288,Vitamin D (25-OH),ng/ml,41.0,100.0,,
VLDL CHOLESTEROL,T019,VLDL Cholesterol,mg/dL,5.0,51.0,,
WESTERN BLOT TEST (HIV),T289,gp160,,,,,
WESTERN BLOT TEST (HIV),T289,gp120,,,,,
WESTERN BLOT TEST (HIV),T289,p66,,,,,
WESTERN BLOT TEST (HIV),T289,p55,,,,,
WESTERN BLOT TEST (HIV),T289,p51,,,,,
WESTERN BLOT TEST (HIV),T289,gp41,,,,,
WESTERN BLOT TEST (HIV),T289,p39,,,,,
WESTERN BLOT TEST (HIV),T289,p31,,,,,
WESTERN BLOT TEST (HIV),T289,p24,,,,,
WESTERN BLOT TEST (HIV),T289,p17,,,,,
WESTERN BLOT TEST (HIV),T289,Control Band,,,,,
WESTERN BLOT TEST (HIV),T289,HIV 2 Specific Band,,,,,
WESTERN BLOT TEST (HIV),T289,Impression,,,,,
WIDAL TEST - TUBE,T292,Typhi O,Titre,,,,
WIDAL TEST - TUBE,T292,Typhi H,Titre,,,,
WIDAL TEST - TUBE,T292,Paratyphi AH,Titre,,,,
WIDAL TEST - TUBE,T292,Paratyphi BH,Titre,,,,
ZINC,T293,Zinc,μg/L,150.0,1200.0,,
ABSOLUTE EOSINOPHIL COUNT (AEC),T021,Absolute Eosinophil Count,cu.mm,40.0,440.0,,
"ALDOSTERONE, 24 HRS URINE",T025,Aldosterone (24hr Urine),ug/24hrs,5.0,19.0,,
AMYLASE,T028,Amylase,IU/L,25.0,86.0,,
ANTI HCV (ELISA),T032,Anti HCV Antibody,,,,,
BILE SALT AND PIGMENTS - URINE,T046,Bile Salts,,,,,
BILE SALT AND PIGMENTS - URINE,T046,Bile Pigments,,,,,
BILIRUBIN,T047,Total Bilirubin,mg/dl,0.0,1.0,,
BILIRUBIN,T047,Indirect Bilirubin,mg/dl,0.0,0.7,,
BILIRUBIN,T047,Direct Bilirubin,mg/dl,0.0,0.3,,
"BILIRUBIN, TOTAL, SERUM",T048,Bilirubin Total Serum,mg/dL,0.3,1.2,,
BLOOD GROUP,T062,ABO Grouping,,,,,
BLOOD GROUP,T062,Rh Grouping,,,,,
BLOOD SUGAR FASTING (BSF),T063,Blood Sugar Fasting,mg/dl,60.0,110.0,,
BLOOD SUGAR FASTING (BSF),T063,Urine Sugar,,,,,
BLOOD SUGAR FASTING (BSF),T063,Urine Ketones,,,,,
BLOOD SUGAR LEVEL (F/PP),T064,Glucose Fasting,mg/dl,60.0,110.0,,
BLOOD SUGAR LEVEL (F/PP),T064,Glucose Post Prandial,mg/dl,80.0,140.0,,
BLOOD SUGAR LEVEL (F/PP),T064,Urine Sugar Fasting,,,,,
BLOOD SUGAR LEVEL (F/PP),T064,Urine Ketone Fasting,,,,,
BLOOD SUGAR LEVEL (F/PP),T064,Urine Sugar Post Prandial,,,,,
BLOOD SUGAR LEVEL (F/PP),T064,Urine Ketone Post Prandial,,,,,
BLOOD SUGAR POST PRANDIAL (BSPP),T065,Glucose Post Prandial,mg/dl,80.0,140.0,,
BLOOD SUGAR POST PRANDIAL (BSPP),T065,Urine Sugar,,,,,
BLOOD SUGAR POST PRANDIAL (BSPP),T065,Urine Ketones,,,,,
BLOOD UREA NITROGEN (BUN),T067,Blood Urea Nitrogen,mg/dL,9.81,20.0,,
CALCIUM,T071,Calcium,mg/dl,8.5,10.5,,
Complete Blood Count - CBC,T078,Haemoglobin (Hb),gm/dL,11.5,17.5,,
Complete Blood Count - CBC,T078,Total WBC Count / TLC,thou/μL,4.0,10.0,,
Complete Blood Count - CBC,T078,P.C.V / Hematocrit,%,36.0,46.0,,
Complete Blood Count - CBC,T078,R.B.C. Count,million/μL,3.8,4.8,,
Complete Blood Count - CBC,T078,M.C.V,fL,83.0,101.0,,
Complete Blood Count - CBC,T078,M.C.H,pg,27.0,32.0,,
Complete Blood Count - CBC,T078,M.C.H.C,g/dL,31.5,34.5,,
Complete Blood Count - CBC,T078,RDW (Red Cell Distribution Width),%,11.9,15.5,,
Complete Blood Count - CBC,T078,Neutrophils,%,40.0,80.0,,
Complete Blood Count - CBC,T078,Lymphocytes,%,20.0,40.0,,
Complete Blood Count - CBC,T078,Eosinophils,%,1.0,6.0,,
Complete Blood Count - CBC,T078,Monocytes,%,2.0,10.0,,
Complete Blood Count - CBC,T078,Basophils,%,0.0,2.0,,
Complete Blood Count - CBC,T078,Absolute Neutrophil Count,/μL,2000.0,7000.0,,
Complete Blood Count - CBC,T078,Absolute Lymphocyte Count,/μL,1000.0,3000.0,,
Complete Blood Count - CBC,T078,Absolute Eosinophil Count,/μL,20.0,500.0,,
Complete Blood Count - CBC,T078,Absolute Monocyte Count,/μL,200.0,1000.0,,
Complete Blood Count - CBC,T078,Absolute Basophil Count,/μL,20.0,100.0,,
Complete Blood Count - CBC,T078,Platelet count,thou/μL,150.0,450.0,,
Complete Blood Count - CBC,T078,MPV (Mean Platelet Volume),fL,6.8,10.9,,
Complete Blood Count - CBC,T078,RDW-SD,fl,27.0,64.0,,
Complete Blood Count - CBC,T078,RDW-CV,%,12.0,14.0,,
Complete Blood Count - CBC WITH ESR,T079,Haemoglobin (Hb),gm/dL,11.5,17.5,,
Complete Blood Count - CBC WITH ESR,T079,Total WBC Count / TLC,thou/μL,4.0,10.0,,
Complete Blood Count - CBC WITH ESR,T079,P.C.V / Hematocrit,%,36.0,46.0,,
Complete Blood Count - CBC WITH ESR,T079,R.B.C. Count,million/μL,3.8,4.8,,
Complete Blood Count - CBC WITH ESR,T079,M.C.V,fL,83.0,101.0,,
Complete Blood Count - CBC WITH ESR,T079,M.C.H,pg,27.0,32.0,,
Complete Blood Count - CBC WITH ESR,T079,M.C.H.C,g/dL,31.5,34.5,,
Complete Blood Count - CBC WITH ESR,T079,RDW (Red Cell Distribution Width),%,11.9,15.5,,
Complete Blood Count - CBC WITH ESR,T079,Neutrophils,%,40.0,80.0,,
Complete Blood Count - CBC WITH ESR,T079,Lymphocytes,%,20.0,40.0,,
Complete Blood Count - CBC WITH ESR,T079,Eosinophils,%,1.0,6.0,,
Complete Blood Count - CBC WITH ESR,T079,Monocytes,%,2.0,10.0,,
Complete Blood Count - CBC WITH ESR,T079,Basophils,%,0.0,2.0,,
Complete Blood Count - CBC WITH ESR,T079,Absolute Neutrophil Count,/μL,2000.0,7000.0,,
Complete Blood Count - CBC WITH ESR,T079,Absolute Lymphocyte Count,/μL,1000.0,3000.0,,
Complete Blood Count - CBC WITH ESR,T079,Absolute Eosinophil Count,/μL,20.0,500.0,,
Complete Blood Count - CBC WITH ESR,T079,Absolute Monocyte Count,/μL,200.0,1000.0,,
Complete Blood Count - CBC WITH ESR,T079,Absolute Basophil Count,/μL,20.0,100.0,,
Complete Blood Count - CBC WITH ESR,T079,Platelet count,thou/μL,150.0,450.0,,
Complete Blood Count - CBC WITH ESR,T079,MPV (Mean Platelet Volume),fL,6.8,10.9,,
Complete Blood Count - CBC WITH ESR,T079,Erythrocyte Sedimentation Rate,mm/h,0.0,12.0,,
CREATININE,T081,Creatinine,mg/dL,0.6,1.1,,
CRP (QUANTITATIVE),T085,CRP,mg/L,0.0,5.0,,
CRP (QUALITATIVE),T086,CRP (Qualitative),-,,,,
"Culture, Urine",T092,Colony Count,CFU/ML,0.0,10000.0,,
"Culture, Urine",T092,Culture Method,-,,,,
Dengue IgG & IgM Antibody And NS1 Antigen (Card Test),T094,NS1 Antigen,-,,,,
Dengue IgG & IgM Antibody And NS1 Antigen (Card Test),T094,IgM Antibody,-,,,,
Dengue IgG & IgM Antibody And NS1 Antigen (Card Test),T094,IgG Antibody,-,,,,
DENGUE IgM & IgG Antibodies (Card Test),T095,Immunoglobulin M (IgM),-,,,,
DENGUE IgM & IgG Antibodies (Card Test),T095,Immunoglobulin G (IgG),-,,,,
ELECTROLYTES,T106,Serum Sodium,meq/L,136.0,145.0,,
ELECTROLYTES,T106,Serum Bi-Carbonate (HCO3),meq/L,22.0,29.0,,
ELECTROLYTES,T106,Serum Chloride,meq/L,98.0,110.0,,
ELECTROLYTES,T106,Serum Potassium,meq/L,3.5,5.5,,
ESR (ERYTHROCYTE SEDIMENTATION RATE),T108,ESR,Mm/hr,0.0,20.0,,
GAMMA GLUTAMYL TRANSPEPTIDASE (GGT),T132,GGT-Gamma Glutamyl Transpeptidase,U/L,0.0,55.0,,
GLYCOSYLATED HAEMOGLOBIN (GHB / HBA1c),T141,HbA1C,%,,,,
GLYCOSYLATED HAEMOGLOBIN (GHB / HBA1c),T141,Mean Blood Glucose,mg/dl,,140.0,,
HBA1C Test,T144,HBA1C,%,,,,
Hemoglobin,T151,Hemoglobin,g/dl,12.0,16.0,,
HEPATITIS B SURFACE ANTIGEN (HBSAG) RAPID CARD,T155,HBsAg Result,-,,,,
HEPATITIS C VIRUS (HCV) Card Test,T161,HCV,-,,,,
HIV 1 & 2 ANTIBODY (CARD TEST),T164,HIV I,-,,,,
HIV 1 & 2 ANTIBODY (CARD TEST),T164,HIV II,-,,,,
HIV 1 & 2 ANTIBODY (ELISA),T165,Result,unit,0.0,1.0,,
HIV And Hepatitis B Surface Antigen (HBsAg),T166,"HIV Antibody, Rapid Card",-,,,,
HIV And Hepatitis B Surface Antigen (HBsAg),T166,Hepatitis B Surface Antigen (HBsAg),-,,,,
HIV And Hepatitis B Surface Antigen (HBsAg),T166,Hepatitis C Antibody (HCV),-,,,,
"HIV ANTIBODY, RAPID CARD",T167,HIV Result,-,,,,
Liver Function Test (LFT),T190,Total Bilirubin,mg/dl,0,1.0,,
Liver Function Test (LFT),T190,Direct Bilirubin,mg/dl,0,1.0,,
Liver Function Test (LFT),T190,Indirect Bilirubin,mg/dl,0,1.0,,
Liver Function Test (LFT),T190,SGPT (ALT),U/L,5,40,,
Liver Function Test (LFT),T190,SGOT (AST),U/L,0,41,,
Liver Function Test (LFT),T190,Alkaline Phosphatase,IU/L,98,279,,
Liver Function Test (LFT),T190,Total Proteins,g/dl,6,8.4,,
Liver Function Test (LFT),T190,Globulin,g/dl,2,3.5,,
Liver Function Test (LFT),T190,Alb/Glo Ratio,Ratio,,,,
Liver Function Test (LFT),T190,Albumin,g/dl,3.5,5,,
Liver Function Test (LFT),T190,SGOT/SGPT Ratio,Ratio,,,,
Liver Function Test (LFT),T190,Gamma Glutamyl Transferase (GGT),U/L,0,38,,
Malarial Parasite (MP) Smear,T195,Thin Smear,-,,,,
Malarial Parasite (MP) Smear,T195,Thick Smear,-,,,,
MANTOUX MX TEST,T197,Induration,mm,,,,
MANTOUX MX TEST,T197,Erythema,mm,,,,
MANTOUX MX TEST,T197,Result After 48 hrs,-,,,,
MANTOUX MX TEST,T197,Vescile,-,,,,
MP (Antigen) Test,T200,Plasmodium Vivax,-,,,,
MP (Antigen) Test,T200,Plasmodium Falciparum,-,,,,
"Parathyroid Hormone, Intact (iPTH)",T204,"Parathyroid Hormone, Intact (iPTH)",pg/mL,15,65,,
PLATELETS COUNT,T209,Platelet Count,X10^3/uL,1.4,4.5,,
POTASSIUM,T212,Potassium,meq/Lt,3.5,5.5,,
Pregnancy Test,T213,Pregnancy Test,-,,,,
RA FACTOR (QUALITATIVE),T221,Rheumatoid Factor (RA)-Qualitative,-,,,,
RA Factor (Quantitative),T222,RA-Rheumatoid Arthritis,mg/dL,0,20,,
RAPID MALARIA TEST (RMT),T223,Antigen for Plasmodium falciparum,-,,,,
RAPID MALARIA TEST (RMT),T223,Antigen for Plasmodium Vivax,-,,,,
RBS BLOOD GLUCOSE LEVEL (RANDOM),T225,Result,mg/dl,70,140,,
RBS BLOOD GLUCOSE LEVEL (RANDOM),T225,Urine Sugar,-,,,,
RBS BLOOD GLUCOSE LEVEL (RANDOM),T225,Urine Ketones,-,,,,
Rh Factor Test,T228,Rh Factor,U/mL,0,20,,
Rh Factor Test,T228,Result,-,,,,
Salmonella Typhi IgG & IgM (Card Test),T230,IgG,-,,,,
Salmonella Typhi IgG & IgM (Card Test),T230,IgM,-,,,,
SEMEN ANALYSIS REPORT,T234,Sperm Count,million/cu.mm,20,120,,
SEMEN ANALYSIS REPORT,T234,pH Value,--,7.0,8.0,,
SEMEN ANALYSIS REPORT,T234,Progressive Motility (PR),%,,,,
SEMEN ANALYSIS REPORT,T234,Non-Progressive Motility (NP),%,,,,
SEMEN ANALYSIS REPORT,T234,Immotility (IM),%,,,,
SEMEN ANALYSIS REPORT,T234,Normal Forms,%,,,,
SEMEN ANALYSIS REPORT,T234,Abnormal Forms,%,,,,
SEMEN ANALYSIS REPORT,T234,Pus Cells,/hpf,,,,
SGOT (AST),T236,SGOT (AST),IU/L,5,34,,
SGPT (ALT),T237,SGPT (ALT),IU/L,5,40,,
Sodium (Na),T238,Sodium,mmol/l,136,145,,
Total Albumin,T253,Albumin,g/dL,3.2,5.0,,
Total Cholesterol,T254,Cholesterol-Total,mg/dl,0,200,,
Typhidot Test,T261,Typhidot IgG Rapid Card,-,,,,
Typhidot Test,T261,Typhidot IgM Rapid Card (Enterocheck),-,,,,
Typhoid Antibody,T262,Typhoid IgM Antibody,IU/mL,0,1.0,,
Typhoid Antibody,T262,Typhoid IgG Antibody,IU/mL,0,2.0,,
UREA,T263,Urea,mg/dL,21,43,,
Uric Acid,T264,Uric Acid,mg/dL,2.3,6.1,,
URINE ACETONE - FASTING,T269,Urine Acetone Fasting,mg/dl,0,1,,
URINE ROUTINE EXAMINATION REPORT,T278,Colour,-,,,,
URINE ROUTINE EXAMINATION REPORT,T278,Appearance,-,,,,
URINE ROUTINE EXAMINATION REPORT,T278,Specific Gravity,-,1.01,1.03,,
URINE ROUTINE EXAMINATION REPORT,T278,Reaction (pH),-,5.5,7.6,,
URINE ROUTINE EXAMINATION REPORT,T278,Protein,-,,,,
URINE ROUTINE EXAMINATION REPORT,T278,Glucose,-,,,,
URINE ROUTINE EXAMINATION REPORT,T278,Ketones,-,,,,
URINE ROUTINE EXAMINATION REPORT,T278,Bile Salts & Bile Pigments,-,,,,
URINE ROUTINE EXAMINATION REPORT,T278,Nitrite,-,,,,
URINE ROUTINE EXAMINATION REPORT,T278,Urobilinogen,-,,,,
URINE ROUTINE EXAMINATION REPORT,T278,Blood,-,,,,
URINE ROUTINE EXAMINATION REPORT,T278,RBC,/hpf,,,,
URINE ROUTINE EXAMINATION REPORT,T278,Pus Cells,/hpf,,,,
URINE ROUTINE EXAMINATION REPORT,T278,Epithelial Cells,/hpf,,,,
URINE ROUTINE EXAMINATION REPORT,T278,Casts Granular,/LPF,,,,
URINE ROUTINE EXAMINATION REPORT,T278,Crystals,-,,,,
URINE ROUTINE EXAMINATION REPORT (CUE),T279,Colour,-,,,,
URINE ROUTINE EXAMINATION REPORT (CUE),T279,Appearance,-,,,,
URINE ROUTINE EXAMINATION REPORT (CUE),T279,Specific Gravity,-,1.01,1.03,,
URINE ROUTINE EXAMINATION REPORT (CUE),T279,Reaction (pH),-,4.8,7.6,,
URINE ROUTINE EXAMINATION REPORT (CUE),T279,Protein,-,,,,
URINE ROUTINE EXAMINATION REPORT (CUE),T279,Glucose,-,,,,
URINE ROUTINE EXAMINATION REPORT (CUE),T279,Ketones,-,,,,
URINE ROUTINE EXAMINATION REPORT (CUE),T279,Bile Salts & Bile Pigments,-,,,,
URINE ROUTINE EXAMINATION REPORT (CUE),T279,Nitrite,-,,,,
URINE ROUTINE EXAMINATION REPORT (CUE),T279,Urobilinogen,-,,,,
URINE ROUTINE EXAMINATION REPORT (CUE),T279,Blood,-,,,,
URINE ROUTINE EXAMINATION REPORT (CUE),T279,RBC,/hpf,,,,
URINE ROUTINE EXAMINATION REPORT (CUE),T279,Pus Cells,/hpf,,,,
URINE ROUTINE EXAMINATION REPORT (CUE),T279,Epithelial Cells,/hpf,,,,
URINE ROUTINE EXAMINATION REPORT (CUE),T279,Casts Granular,/LPF,,,,
URINE ROUTINE EXAMINATION REPORT (CUE),T279,Amorphous Deposit,-,,,,
URINE ROUTINE EXAMINATION REPORT (CUE),T279,Spermatozoa,-,,,,
URINE ROUTINE EXAMINATION REPORT (CUE),T279,Bacteria,-,,,,
URINE ROUTINE EXAMINATION REPORT (CUE),T279,Crystal,-,,,,
Viral Markers (Rapid Card),T283,"HIV Antibody, Rapid Card",-,,,,
Viral Markers (Rapid Card),T283,Hepatitis B Surface Antigen (HBsAg) Rapid Card,-,,,,
Viral Markers (Rapid Card),T283,"Hepatitis C Antibody (HCV), Rapid Card",-,,,,
"VITAMIN D3 (1,25 DIHYDROXYCHOLECALCIFEROL)",T287,"Vitamin D3 (1,25 Dihydroxycholecalciferol)",ng/ml,19.6,54.3,,
Widal Test - Slide,T290,S. Typhi 'O',-,,,,
Widal Test - Slide,T290,S. Typhi 'H',-,,,,
Widal Test - Slide,T290,S. Paratyphi 'AH',-,,,,
Widal Test - Slide,T290,S. Paratyphi 'BH',-,,,,
Widal Test - Slide (2),T291,Typhi O,-,,,,
Widal Test - Slide (2),T291,Typhi H,-,,,,
Widal Test - Slide (2),T291,Paratyphi AH,-,,,,
Widal Test - Slide (2),T291,Paratyphi BH,-,,,,
